batch,formulation,dose,operator,replicate,assay_signal
B01,A,0.0,Op1,1,20.708
B01,A,0.0,Op1,2,22.3
B01,A,0.0,Op1,3,21.311
B01,A,0.0,Op1,4,19.32
B01,A,0.0,Op2,1,21.163
B01,A,0.0,Op2,2,19.171
B01,A,0.0,Op2,3,21.927
B01,A,0.0,Op2,4,20.535
B01,A,0.0,Op3,1,20.332
B01,A,0.0,Op3,2,19.588
B01,A,0.0,Op3,3,22.443
B01,A,0.0,Op3,4,20.378
B01,A,5.0,Op1,1,21.067
B01,A,5.0,Op1,2,21.181
B01,A,5.0,Op1,3,22.508
B01,A,5.0,Op1,4,22.258
B01,A,5.0,Op2,1,22.329
B01,A,5.0,Op2,2,22.356
B01,A,5.0,Op2,3,24.922
B01,A,5.0,Op2,4,21.1
B01,A,5.0,Op3,1,20.941
B01,A,5.0,Op3,2,20.489
B01,A,5.0,Op3,3,22.633
B01,A,5.0,Op3,4,23.403
B01,A,10.0,Op1,1,22.639
B01,A,10.0,Op1,2,21.549
B01,A,10.0,Op1,3,21.573
B01,A,10.0,Op1,4,23.785
B01,A,10.0,Op2,1,23.924
B01,A,10.0,Op2,2,23.624
B01,A,10.0,Op2,3,21.811
B01,A,10.0,Op2,4,23.158
B01,A,10.0,Op3,1,22.984
B01,A,10.0,Op3,2,23.137
B01,A,10.0,Op3,3,24.117
B01,A,10.0,Op3,4,23.145
B01,A,15.0,Op1,1,24.928
B01,A,15.0,Op1,2,24.011
B01,A,15.0,Op1,3,24.343
B01,A,15.0,Op1,4,24.856
B01,A,15.0,Op2,1,21.724
B01,A,15.0,Op2,2,23.43
B01,A,15.0,Op2,3,23.204
B01,A,15.0,Op2,4,22.951
B01,A,15.0,Op3,1,23.497
B01,A,15.0,Op3,2,26.152
B01,A,15.0,Op3,3,22.611
B01,A,15.0,Op3,4,25.362
B01,B,0.0,Op1,1,21.585
B01,B,0.0,Op1,2,23.607
B01,B,0.0,Op1,3,24.354
B01,B,0.0,Op1,4,24.989
B01,B,0.0,Op2,1,25.176
B01,B,0.0,Op2,2,25.299
B01,B,0.0,Op2,3,23.586
B01,B,0.0,Op2,4,23.416
B01,B,0.0,Op3,1,25.396
B01,B,0.0,Op3,2,23.822
B01,B,0.0,Op3,3,22.196
B01,B,0.0,Op3,4,22.41
B01,B,5.0,Op1,1,23.83
B01,B,5.0,Op1,2,25.955
B01,B,5.0,Op1,3,25.423
B01,B,5.0,Op1,4,26.245
B01,B,5.0,Op2,1,24.569
B01,B,5.0,Op2,2,25.447
B01,B,5.0,Op2,3,26.148
B01,B,5.0,Op2,4,24.745
B01,B,5.0,Op3,1,25.895
B01,B,5.0,Op3,2,24.217
B01,B,5.0,Op3,3,24.665
B01,B,5.0,Op3,4,24.637
B01,B,10.0,Op1,1,24.516
B01,B,10.0,Op1,2,27.04
B01,B,10.0,Op1,3,25.605
B01,B,10.0,Op1,4,26.328
B01,B,10.0,Op2,1,27.031
B01,B,10.0,Op2,2,26.979
B01,B,10.0,Op2,3,27.308
B01,B,10.0,Op2,4,26.162
B01,B,10.0,Op3,1,25.674
B01,B,10.0,Op3,2,26.19
B01,B,10.0,Op3,3,23.778
B01,B,10.0,Op3,4,24.139
B01,B,15.0,Op1,1,25.425
B01,B,15.0,Op1,2,25.914
B01,B,15.0,Op1,3,28.009
B01,B,15.0,Op1,4,26.051
B01,B,15.0,Op2,1,26.842
B01,B,15.0,Op2,2,29.358
B01,B,15.0,Op2,3,26.875
B01,B,15.0,Op2,4,28.516
B01,B,15.0,Op3,1,26.009
B01,B,15.0,Op3,2,27.101
B01,B,15.0,Op3,3,25.984
B01,B,15.0,Op3,4,26.901
B01,C,0.0,Op1,1,20.37
B01,C,0.0,Op1,2,16.518
B01,C,0.0,Op1,3,19.761
B01,C,0.0,Op1,4,19.466
B01,C,0.0,Op2,1,18.218
B01,C,0.0,Op2,2,16.94
B01,C,0.0,Op2,3,19.218
B01,C,0.0,Op2,4,18.315
B01,C,0.0,Op3,1,19.458
B01,C,0.0,Op3,2,19.142
B01,C,0.0,Op3,3,21.512
B01,C,0.0,Op3,4,18.75
B01,C,5.0,Op1,1,18.674
B01,C,5.0,Op1,2,20.478
B01,C,5.0,Op1,3,20.539
B01,C,5.0,Op1,4,22.248
B01,C,5.0,Op2,1,21.462
B01,C,5.0,Op2,2,20.745
B01,C,5.0,Op2,3,22.404
B01,C,5.0,Op2,4,18.426
B01,C,5.0,Op3,1,19.25
B01,C,5.0,Op3,2,18.82
B01,C,5.0,Op3,3,19.625
B01,C,5.0,Op3,4,18.144
B01,C,10.0,Op1,1,22.262
B01,C,10.0,Op1,2,20.976
B01,C,10.0,Op1,3,19.103
B01,C,10.0,Op1,4,19.786
B01,C,10.0,Op2,1,21.78
B01,C,10.0,Op2,2,22.567
B01,C,10.0,Op2,3,24.305
B01,C,10.0,Op2,4,25.68
B01,C,10.0,Op3,1,21.931
B01,C,10.0,Op3,2,19.825
B01,C,10.0,Op3,3,18.111
B01,C,10.0,Op3,4,21.711
B01,C,15.0,Op1,1,21.19
B01,C,15.0,Op1,2,21.786
B01,C,15.0,Op1,3,21.491
B01,C,15.0,Op1,4,22.198
B01,C,15.0,Op2,1,24.008
B01,C,15.0,Op2,2,22.645
B01,C,15.0,Op2,3,22.171
B01,C,15.0,Op2,4,20.856
B01,C,15.0,Op3,1,19.897
B01,C,15.0,Op3,2,21.68
B01,C,15.0,Op3,3,22.329
B01,C,15.0,Op3,4,25.061
B02,A,0.0,Op1,1,18.115
B02,A,0.0,Op1,2,19.394
B02,A,0.0,Op1,3,17.171
B02,A,0.0,Op1,4,16.143
B02,A,0.0,Op2,1,16.472
B02,A,0.0,Op2,2,16.832
B02,A,0.0,Op2,3,21.113
B02,A,0.0,Op2,4,16.688
B02,A,0.0,Op3,1,19.178
B02,A,0.0,Op3,2,16.566
B02,A,0.0,Op3,3,19.317
B02,A,0.0,Op3,4,18.497
B02,A,5.0,Op1,1,18.785
B02,A,5.0,Op1,2,18.959
B02,A,5.0,Op1,3,18.038
B02,A,5.0,Op1,4,19.689
B02,A,5.0,Op2,1,18.338
B02,A,5.0,Op2,2,17.182
B02,A,5.0,Op2,3,17.103
B02,A,5.0,Op2,4,19.279
B02,A,5.0,Op3,1,21.389
B02,A,5.0,Op3,2,19.26
B02,A,5.0,Op3,3,18.842
B02,A,5.0,Op3,4,19.449
B02,A,10.0,Op1,1,22.079
B02,A,10.0,Op1,2,20.449
B02,A,10.0,Op1,3,19.504
B02,A,10.0,Op1,4,21.779
B02,A,10.0,Op2,1,20.763
B02,A,10.0,Op2,2,22.424
B02,A,10.0,Op2,3,20.395
B02,A,10.0,Op2,4,18.283
B02,A,10.0,Op3,1,18.068
B02,A,10.0,Op3,2,22.596
B02,A,10.0,Op3,3,22.706
B02,A,10.0,Op3,4,19.851
B02,A,15.0,Op1,1,20.645
B02,A,15.0,Op1,2,23.412
B02,A,15.0,Op1,3,19.559
B02,A,15.0,Op1,4,19.878
B02,A,15.0,Op2,1,22.185
B02,A,15.0,Op2,2,20.628
B02,A,15.0,Op2,3,21.212
B02,A,15.0,Op2,4,20.975
B02,A,15.0,Op3,1,21.726
B02,A,15.0,Op3,2,23.331
B02,A,15.0,Op3,3,21.356
B02,A,15.0,Op3,4,22.186
B02,B,0.0,Op1,1,18.345
B02,B,0.0,Op1,2,21.347
B02,B,0.0,Op1,3,20.155
B02,B,0.0,Op1,4,19.592
B02,B,0.0,Op2,1,20.103
B02,B,0.0,Op2,2,20.919
B02,B,0.0,Op2,3,22.794
B02,B,0.0,Op2,4,19.43
B02,B,0.0,Op3,1,21.466
B02,B,0.0,Op3,2,20.694
B02,B,0.0,Op3,3,20.929
B02,B,0.0,Op3,4,22.924
B02,B,5.0,Op1,1,23.327
B02,B,5.0,Op1,2,24.526
B02,B,5.0,Op1,3,22.288
B02,B,5.0,Op1,4,21.476
B02,B,5.0,Op2,1,22.184
B02,B,5.0,Op2,2,22.884
B02,B,5.0,Op2,3,22.785
B02,B,5.0,Op2,4,20.893
B02,B,5.0,Op3,1,22.656
B02,B,5.0,Op3,2,22.862
B02,B,5.0,Op3,3,26.296
B02,B,5.0,Op3,4,25.335
B02,B,10.0,Op1,1,22.34
B02,B,10.0,Op1,2,23.189
B02,B,10.0,Op1,3,21.425
B02,B,10.0,Op1,4,22.734
B02,B,10.0,Op2,1,24.093
B02,B,10.0,Op2,2,25.429
B02,B,10.0,Op2,3,22.526
B02,B,10.0,Op2,4,22.639
B02,B,10.0,Op3,1,20.399
B02,B,10.0,Op3,2,23.376
B02,B,10.0,Op3,3,22.026
B02,B,10.0,Op3,4,22.826
B02,B,15.0,Op1,1,23.405
B02,B,15.0,Op1,2,24.579
B02,B,15.0,Op1,3,22.083
B02,B,15.0,Op1,4,22.519
B02,B,15.0,Op2,1,27.914
B02,B,15.0,Op2,2,22.789
B02,B,15.0,Op2,3,23.075
B02,B,15.0,Op2,4,27.475
B02,B,15.0,Op3,1,29.078
B02,B,15.0,Op3,2,22.963
B02,B,15.0,Op3,3,24.168
B02,B,15.0,Op3,4,25.232
B02,C,0.0,Op1,1,19.013
B02,C,0.0,Op1,2,14.94
B02,C,0.0,Op1,3,16.052
B02,C,0.0,Op1,4,17.586
B02,C,0.0,Op2,1,17.072
B02,C,0.0,Op2,2,15.856
B02,C,0.0,Op2,3,16.219
B02,C,0.0,Op2,4,14.358
B02,C,0.0,Op3,1,16.063
B02,C,0.0,Op3,2,16.02
B02,C,0.0,Op3,3,16.768
B02,C,0.0,Op3,4,15.587
B02,C,5.0,Op1,1,18.227
B02,C,5.0,Op1,2,19.039
B02,C,5.0,Op1,3,17.753
B02,C,5.0,Op1,4,18.048
B02,C,5.0,Op2,1,17.6
B02,C,5.0,Op2,2,17.52
B02,C,5.0,Op2,3,16.438
B02,C,5.0,Op2,4,17.995
B02,C,5.0,Op3,1,17.374
B02,C,5.0,Op3,2,20.66
B02,C,5.0,Op3,3,19.88
B02,C,5.0,Op3,4,18.099
B02,C,10.0,Op1,1,17.475
B02,C,10.0,Op1,2,16.951
B02,C,10.0,Op1,3,20.407
B02,C,10.0,Op1,4,19.014
B02,C,10.0,Op2,1,19.34
B02,C,10.0,Op2,2,16.003
B02,C,10.0,Op2,3,20.011
B02,C,10.0,Op2,4,19.302
B02,C,10.0,Op3,1,16.954
B02,C,10.0,Op3,2,17.913
B02,C,10.0,Op3,3,19.016
B02,C,10.0,Op3,4,18.699
B02,C,15.0,Op1,1,19.282
B02,C,15.0,Op1,2,19.565
B02,C,15.0,Op1,3,19.342
B02,C,15.0,Op1,4,19.949
B02,C,15.0,Op2,1,21.927
B02,C,15.0,Op2,2,15.87
B02,C,15.0,Op2,3,19.365
B02,C,15.0,Op2,4,19.985
B02,C,15.0,Op3,1,20.164
B02,C,15.0,Op3,2,19.162
B02,C,15.0,Op3,3,17.085
B02,C,15.0,Op3,4,20.212
B03,A,0.0,Op1,1,24.092
B03,A,0.0,Op1,2,19.2
B03,A,0.0,Op1,3,22.797
B03,A,0.0,Op1,4,21.008
B03,A,0.0,Op2,1,21.409
B03,A,0.0,Op2,2,19.922
B03,A,0.0,Op2,3,20.999
B03,A,0.0,Op2,4,23.451
B03,A,0.0,Op3,1,22.375
B03,A,0.0,Op3,2,24.099
B03,A,0.0,Op3,3,23.267
B03,A,0.0,Op3,4,22.16
B03,A,5.0,Op1,1,25.217
B03,A,5.0,Op1,2,23.259
B03,A,5.0,Op1,3,23.843
B03,A,5.0,Op1,4,22.156
B03,A,5.0,Op2,1,22.701
B03,A,5.0,Op2,2,21.555
B03,A,5.0,Op2,3,24.085
B03,A,5.0,Op2,4,20.833
B03,A,5.0,Op3,1,23.774
B03,A,5.0,Op3,2,22.315
B03,A,5.0,Op3,3,24.358
B03,A,5.0,Op3,4,23.727
B03,A,10.0,Op1,1,26.432
B03,A,10.0,Op1,2,24.797
B03,A,10.0,Op1,3,21.343
B03,A,10.0,Op1,4,23.6
B03,A,10.0,Op2,1,21.943
B03,A,10.0,Op2,2,22.923
B03,A,10.0,Op2,3,25.968
B03,A,10.0,Op2,4,24.657
B03,A,10.0,Op3,1,22.653
B03,A,10.0,Op3,2,22.18
B03,A,10.0,Op3,3,23.75
B03,A,10.0,Op3,4,21.876
B03,A,15.0,Op1,1,23.794
B03,A,15.0,Op1,2,25.269
B03,A,15.0,Op1,3,26.534
B03,A,15.0,Op1,4,25.714
B03,A,15.0,Op2,1,21.364
B03,A,15.0,Op2,2,25.257
B03,A,15.0,Op2,3,24.909
B03,A,15.0,Op2,4,25.422
B03,A,15.0,Op3,1,27.225
B03,A,15.0,Op3,2,21.706
B03,A,15.0,Op3,3,23.914
B03,A,15.0,Op3,4,25.687
B03,B,0.0,Op1,1,22.629
B03,B,0.0,Op1,2,27.215
B03,B,0.0,Op1,3,25.553
B03,B,0.0,Op1,4,26.271
B03,B,0.0,Op2,1,24.144
B03,B,0.0,Op2,2,26.222
B03,B,0.0,Op2,3,26.604
B03,B,0.0,Op2,4,25.35
B03,B,0.0,Op3,1,25.353
B03,B,0.0,Op3,2,25.406
B03,B,0.0,Op3,3,23.706
B03,B,0.0,Op3,4,24.78
B03,B,5.0,Op1,1,25.872
B03,B,5.0,Op1,2,26.676
B03,B,5.0,Op1,3,27.601
B03,B,5.0,Op1,4,24.513
B03,B,5.0,Op2,1,25.913
B03,B,5.0,Op2,2,28.323
B03,B,5.0,Op2,3,24.986
B03,B,5.0,Op2,4,24.868
B03,B,5.0,Op3,1,26.404
B03,B,5.0,Op3,2,27.367
B03,B,5.0,Op3,3,26.118
B03,B,5.0,Op3,4,28.094
B03,B,10.0,Op1,1,28.486
B03,B,10.0,Op1,2,28.464
B03,B,10.0,Op1,3,28.032
B03,B,10.0,Op1,4,30.692
B03,B,10.0,Op2,1,26.893
B03,B,10.0,Op2,2,24.196
B03,B,10.0,Op2,3,29.607
B03,B,10.0,Op2,4,26.514
B03,B,10.0,Op3,1,27.363
B03,B,10.0,Op3,2,29.165
B03,B,10.0,Op3,3,24.798
B03,B,10.0,Op3,4,25.323
B03,B,15.0,Op1,1,25.899
B03,B,15.0,Op1,2,27.11
B03,B,15.0,Op1,3,28.96
B03,B,15.0,Op1,4,29.087
B03,B,15.0,Op2,1,28.715
B03,B,15.0,Op2,2,26.182
B03,B,15.0,Op2,3,24.836
B03,B,15.0,Op2,4,28.382
B03,B,15.0,Op3,1,27.593
B03,B,15.0,Op3,2,28.99
B03,B,15.0,Op3,3,29.354
B03,B,15.0,Op3,4,28.508
B03,C,0.0,Op1,1,21.141
B03,C,0.0,Op1,2,20.345
B03,C,0.0,Op1,3,20.796
B03,C,0.0,Op1,4,18.944
B03,C,0.0,Op2,1,19.731
B03,C,0.0,Op2,2,20.296
B03,C,0.0,Op2,3,21.232
B03,C,0.0,Op2,4,19.41
B03,C,0.0,Op3,1,20.783
B03,C,0.0,Op3,2,19.602
B03,C,0.0,Op3,3,19.825
B03,C,0.0,Op3,4,21.245
B03,C,5.0,Op1,1,18.111
B03,C,5.0,Op1,2,19.156
B03,C,5.0,Op1,3,18.878
B03,C,5.0,Op1,4,17.6
B03,C,5.0,Op2,1,20.084
B03,C,5.0,Op2,2,22.225
B03,C,5.0,Op2,3,20.674
B03,C,5.0,Op2,4,21.398
B03,C,5.0,Op3,1,22.735
B03,C,5.0,Op3,2,23.092
B03,C,5.0,Op3,3,20.997
B03,C,5.0,Op3,4,23.131
B03,C,10.0,Op1,1,22.339
B03,C,10.0,Op1,2,20.945
B03,C,10.0,Op1,3,21.309
B03,C,10.0,Op1,4,19.98
B03,C,10.0,Op2,1,20.869
B03,C,10.0,Op2,2,21.664
B03,C,10.0,Op2,3,23.406
B03,C,10.0,Op2,4,24.782
B03,C,10.0,Op3,1,20.128
B03,C,10.0,Op3,2,22.79
B03,C,10.0,Op3,3,20.64
B03,C,10.0,Op3,4,22.913
B03,C,15.0,Op1,1,23.104
B03,C,15.0,Op1,2,20.555
B03,C,15.0,Op1,3,24.693
B03,C,15.0,Op1,4,22.393
B03,C,15.0,Op2,1,22.5
B03,C,15.0,Op2,2,21.696
B03,C,15.0,Op2,3,22.319
B03,C,15.0,Op2,4,23.943
B03,C,15.0,Op3,1,23.017
B03,C,15.0,Op3,2,23.794
B03,C,15.0,Op3,3,23.844
B03,C,15.0,Op3,4,25.282
B04,A,0.0,Op1,1,21.367
B04,A,0.0,Op1,2,19.666
B04,A,0.0,Op1,3,23.482
B04,A,0.0,Op1,4,21.384
B04,A,0.0,Op2,1,23.553
B04,A,0.0,Op2,2,22.456
B04,A,0.0,Op2,3,21.684
B04,A,0.0,Op2,4,22.404
B04,A,0.0,Op3,1,24.808
B04,A,0.0,Op3,2,24.997
B04,A,0.0,Op3,3,21.985
B04,A,0.0,Op3,4,22.121
B04,A,5.0,Op1,1,24.595
B04,A,5.0,Op1,2,21.713
B04,A,5.0,Op1,3,23.481
B04,A,5.0,Op1,4,22.942
B04,A,5.0,Op2,1,23.452
B04,A,5.0,Op2,2,21.731
B04,A,5.0,Op2,3,20.597
B04,A,5.0,Op2,4,19.872
B04,A,5.0,Op3,1,21.305
B04,A,5.0,Op3,2,22.293
B04,A,5.0,Op3,3,22.541
B04,A,5.0,Op3,4,25.887
B04,A,10.0,Op1,1,25.74
B04,A,10.0,Op1,2,22.638
B04,A,10.0,Op1,3,24.603
B04,A,10.0,Op1,4,23.471
B04,A,10.0,Op2,1,23.655
B04,A,10.0,Op2,2,24.359
B04,A,10.0,Op2,3,25.01
B04,A,10.0,Op2,4,23.572
B04,A,10.0,Op3,1,25.677
B04,A,10.0,Op3,2,22.368
B04,A,10.0,Op3,3,24.091
B04,A,10.0,Op3,4,27.978
B04,A,15.0,Op1,1,25.516
B04,A,15.0,Op1,2,27.331
B04,A,15.0,Op1,3,25.318
B04,A,15.0,Op1,4,26.052
B04,A,15.0,Op2,1,25.096
B04,A,15.0,Op2,2,24.926
B04,A,15.0,Op2,3,24.012
B04,A,15.0,Op2,4,25.827
B04,A,15.0,Op3,1,23.904
B04,A,15.0,Op3,2,26.18
B04,A,15.0,Op3,3,26.809
B04,A,15.0,Op3,4,25.731
B04,B,0.0,Op1,1,24.952
B04,B,0.0,Op1,2,26.062
B04,B,0.0,Op1,3,24.918
B04,B,0.0,Op1,4,26.784
B04,B,0.0,Op2,1,22.634
B04,B,0.0,Op2,2,24.878
B04,B,0.0,Op2,3,22.395
B04,B,0.0,Op2,4,23.139
B04,B,0.0,Op3,1,27.427
B04,B,0.0,Op3,2,26.724
B04,B,0.0,Op3,3,24.302
B04,B,0.0,Op3,4,23.127
B04,B,5.0,Op1,1,22.034
B04,B,5.0,Op1,2,25.666
B04,B,5.0,Op1,3,30.112
B04,B,5.0,Op1,4,27.133
B04,B,5.0,Op2,1,25.642
B04,B,5.0,Op2,2,27.179
B04,B,5.0,Op2,3,24.14
B04,B,5.0,Op2,4,26.035
B04,B,5.0,Op3,1,26.63
B04,B,5.0,Op3,2,26.352
B04,B,5.0,Op3,3,27.667
B04,B,5.0,Op3,4,26.998
B04,B,10.0,Op1,1,28.584
B04,B,10.0,Op1,2,26.549
B04,B,10.0,Op1,3,28.928
B04,B,10.0,Op1,4,30.025
B04,B,10.0,Op2,1,26.126
B04,B,10.0,Op2,2,26.25
B04,B,10.0,Op2,3,29.585
B04,B,10.0,Op2,4,27.294
B04,B,10.0,Op3,1,29.687
B04,B,10.0,Op3,2,26.917
B04,B,10.0,Op3,3,29.764
B04,B,10.0,Op3,4,27.778
B04,B,15.0,Op1,1,29.068
B04,B,15.0,Op1,2,31.028
B04,B,15.0,Op1,3,28.138
B04,B,15.0,Op1,4,27.269
B04,B,15.0,Op2,1,28.008
B04,B,15.0,Op2,2,29.36
B04,B,15.0,Op2,3,26.332
B04,B,15.0,Op2,4,29.637
B04,B,15.0,Op3,1,27.873
B04,B,15.0,Op3,2,30.403
B04,B,15.0,Op3,3,25.09
B04,B,15.0,Op3,4,27.501
B04,C,0.0,Op1,1,17.851
B04,C,0.0,Op1,2,19.142
B04,C,0.0,Op1,3,20.753
B04,C,0.0,Op1,4,20.112
B04,C,0.0,Op2,1,20.001
B04,C,0.0,Op2,2,20.142
B04,C,0.0,Op2,3,20.686
B04,C,0.0,Op2,4,18.868
B04,C,0.0,Op3,1,21.441
B04,C,0.0,Op3,2,21.375
B04,C,0.0,Op3,3,20.959
B04,C,0.0,Op3,4,21.216
B04,C,5.0,Op1,1,21.926
B04,C,5.0,Op1,2,24.534
B04,C,5.0,Op1,3,21.35
B04,C,5.0,Op1,4,21.021
B04,C,5.0,Op2,1,20.351
B04,C,5.0,Op2,2,19.933
B04,C,5.0,Op2,3,19.614
B04,C,5.0,Op2,4,20.148
B04,C,5.0,Op3,1,21.375
B04,C,5.0,Op3,2,21.983
B04,C,5.0,Op3,3,21.558
B04,C,5.0,Op3,4,20.333
B04,C,10.0,Op1,1,23.931
B04,C,10.0,Op1,2,23.69
B04,C,10.0,Op1,3,22.342
B04,C,10.0,Op1,4,21.602
B04,C,10.0,Op2,1,23.404
B04,C,10.0,Op2,2,22.863
B04,C,10.0,Op2,3,20.409
B04,C,10.0,Op2,4,22.479
B04,C,10.0,Op3,1,22.974
B04,C,10.0,Op3,2,21.232
B04,C,10.0,Op3,3,22.866
B04,C,10.0,Op3,4,20.399
B04,C,15.0,Op1,1,25.685
B04,C,15.0,Op1,2,25.553
B04,C,15.0,Op1,3,23.302
B04,C,15.0,Op1,4,24.226
B04,C,15.0,Op2,1,20.066
B04,C,15.0,Op2,2,21.947
B04,C,15.0,Op2,3,23.24
B04,C,15.0,Op2,4,22.073
B04,C,15.0,Op3,1,24.753
B04,C,15.0,Op3,2,26.677
B04,C,15.0,Op3,3,21.916
B04,C,15.0,Op3,4,22.425
B05,A,0.0,Op1,1,16.451
B05,A,0.0,Op1,2,18.515
B05,A,0.0,Op1,3,14.264
B05,A,0.0,Op1,4,16.471
B05,A,0.0,Op2,1,18.83
B05,A,0.0,Op2,2,13.62
B05,A,0.0,Op2,3,14.176
B05,A,0.0,Op2,4,15.463
B05,A,0.0,Op3,1,15.317
B05,A,0.0,Op3,2,17.317
B05,A,0.0,Op3,3,16.46
B05,A,0.0,Op3,4,13.435
B05,A,5.0,Op1,1,17.971
B05,A,5.0,Op1,2,16.332
B05,A,5.0,Op1,3,19.11
B05,A,5.0,Op1,4,16.257
B05,A,5.0,Op2,1,16.243
B05,A,5.0,Op2,2,18.01
B05,A,5.0,Op2,3,18.342
B05,A,5.0,Op2,4,17.87
B05,A,5.0,Op3,1,14.67
B05,A,5.0,Op3,2,18.005
B05,A,5.0,Op3,3,15.646
B05,A,5.0,Op3,4,17.551
B05,A,10.0,Op1,1,16.162
B05,A,10.0,Op1,2,18.967
B05,A,10.0,Op1,3,17.088
B05,A,10.0,Op1,4,16.374
B05,A,10.0,Op2,1,19.369
B05,A,10.0,Op2,2,18.66
B05,A,10.0,Op2,3,17.377
B05,A,10.0,Op2,4,20.475
B05,A,10.0,Op3,1,17.637
B05,A,10.0,Op3,2,18.346
B05,A,10.0,Op3,3,18.701
B05,A,10.0,Op3,4,17.368
B05,A,15.0,Op1,1,20.105
B05,A,15.0,Op1,2,18.598
B05,A,15.0,Op1,3,18.78
B05,A,15.0,Op1,4,21.442
B05,A,15.0,Op2,1,17.837
B05,A,15.0,Op2,2,15.779
B05,A,15.0,Op2,3,21.814
B05,A,15.0,Op2,4,23.222
B05,A,15.0,Op3,1,18.79
B05,A,15.0,Op3,2,16.493
B05,A,15.0,Op3,3,18.932
B05,A,15.0,Op3,4,18.969
B05,B,0.0,Op1,1,19.313
B05,B,0.0,Op1,2,17.928
B05,B,0.0,Op1,3,20.467
B05,B,0.0,Op1,4,20.385
B05,B,0.0,Op2,1,17.356
B05,B,0.0,Op2,2,20.647
B05,B,0.0,Op2,3,22.677
B05,B,0.0,Op2,4,19.856
B05,B,0.0,Op3,1,19.092
B05,B,0.0,Op3,2,19.385
B05,B,0.0,Op3,3,20.521
B05,B,0.0,Op3,4,17.002
B05,B,5.0,Op1,1,20.945
B05,B,5.0,Op1,2,20.112
B05,B,5.0,Op1,3,23.47
B05,B,5.0,Op1,4,20.437
B05,B,5.0,Op2,1,23.2
B05,B,5.0,Op2,2,19.042
B05,B,5.0,Op2,3,21.579
B05,B,5.0,Op2,4,21.177
B05,B,5.0,Op3,1,19.394
B05,B,5.0,Op3,2,20.964
B05,B,5.0,Op3,3,22.517
B05,B,5.0,Op3,4,20.212
B05,B,10.0,Op1,1,19.26
B05,B,10.0,Op1,2,21.772
B05,B,10.0,Op1,3,20.444
B05,B,10.0,Op1,4,21.284
B05,B,10.0,Op2,1,21.676
B05,B,10.0,Op2,2,19.239
B05,B,10.0,Op2,3,19.374
B05,B,10.0,Op2,4,22.521
B05,B,10.0,Op3,1,21.014
B05,B,10.0,Op3,2,17.951
B05,B,10.0,Op3,3,22.975
B05,B,10.0,Op3,4,22.206
B05,B,15.0,Op1,1,21.827
B05,B,15.0,Op1,2,20.923
B05,B,15.0,Op1,3,24.152
B05,B,15.0,Op1,4,23.422
B05,B,15.0,Op2,1,26.472
B05,B,15.0,Op2,2,23.528
B05,B,15.0,Op2,3,23.479
B05,B,15.0,Op2,4,22.648
B05,B,15.0,Op3,1,24.123
B05,B,15.0,Op3,2,23.836
B05,B,15.0,Op3,3,24.776
B05,B,15.0,Op3,4,22.116
B05,C,0.0,Op1,1,13.945
B05,C,0.0,Op1,2,13.879
B05,C,0.0,Op1,3,15.784
B05,C,0.0,Op1,4,16.845
B05,C,0.0,Op2,1,13.91
B05,C,0.0,Op2,2,13.961
B05,C,0.0,Op2,3,15.069
B05,C,0.0,Op2,4,14.229
B05,C,0.0,Op3,1,16.026
B05,C,0.0,Op3,2,11.22
B05,C,0.0,Op3,3,13.358
B05,C,0.0,Op3,4,13.424
B05,C,5.0,Op1,1,12.217
B05,C,5.0,Op1,2,14.252
B05,C,5.0,Op1,3,14.325
B05,C,5.0,Op1,4,15.396
B05,C,5.0,Op2,1,17.367
B05,C,5.0,Op2,2,15.33
B05,C,5.0,Op2,3,14.152
B05,C,5.0,Op2,4,15.612
B05,C,5.0,Op3,1,17.272
B05,C,5.0,Op3,2,14.234
B05,C,5.0,Op3,3,14.332
B05,C,5.0,Op3,4,16.536
B05,C,10.0,Op1,1,16.466
B05,C,10.0,Op1,2,17.769
B05,C,10.0,Op1,3,16.777
B05,C,10.0,Op1,4,17.85
B05,C,10.0,Op2,1,15.245
B05,C,10.0,Op2,2,16.78
B05,C,10.0,Op2,3,16.482
B05,C,10.0,Op2,4,14.974
B05,C,10.0,Op3,1,14.453
B05,C,10.0,Op3,2,17.827
B05,C,10.0,Op3,3,16.272
B05,C,10.0,Op3,4,15.265
B05,C,15.0,Op1,1,17.754
B05,C,15.0,Op1,2,19.59
B05,C,15.0,Op1,3,14.477
B05,C,15.0,Op1,4,15.653
B05,C,15.0,Op2,1,16.514
B05,C,15.0,Op2,2,20.09
B05,C,15.0,Op2,3,18.322
B05,C,15.0,Op2,4,19.049
B05,C,15.0,Op3,1,16.188
B05,C,15.0,Op3,2,16.219
B05,C,15.0,Op3,3,18.57
B05,C,15.0,Op3,4,17.985
B06,A,0.0,Op1,1,18.219
B06,A,0.0,Op1,2,17.114
B06,A,0.0,Op1,3,17.813
B06,A,0.0,Op1,4,17.633
B06,A,0.0,Op2,1,18.562
B06,A,0.0,Op2,2,18.606
B06,A,0.0,Op2,3,14.966
B06,A,0.0,Op2,4,14.025
B06,A,0.0,Op3,1,18.898
B06,A,0.0,Op3,2,19.177
B06,A,0.0,Op3,3,15.865
B06,A,0.0,Op3,4,14.606
B06,A,5.0,Op1,1,18.644
B06,A,5.0,Op1,2,19.892
B06,A,5.0,Op1,3,21.192
B06,A,5.0,Op1,4,19.27
B06,A,5.0,Op2,1,17.938
B06,A,5.0,Op2,2,17.156
B06,A,5.0,Op2,3,18.513
B06,A,5.0,Op2,4,18.047
B06,A,5.0,Op3,1,16.973
B06,A,5.0,Op3,2,21.569
B06,A,5.0,Op3,3,21.173
B06,A,5.0,Op3,4,20.2
B06,A,10.0,Op1,1,18.214
B06,A,10.0,Op1,2,20.878
B06,A,10.0,Op1,3,20.555
B06,A,10.0,Op1,4,20.259
B06,A,10.0,Op2,1,21.47
B06,A,10.0,Op2,2,20.549
B06,A,10.0,Op2,3,20.706
B06,A,10.0,Op2,4,20.551
B06,A,10.0,Op3,1,20.107
B06,A,10.0,Op3,2,16.92
B06,A,10.0,Op3,3,19.721
B06,A,10.0,Op3,4,18.761
B06,A,15.0,Op1,1,18.776
B06,A,15.0,Op1,2,23.218
B06,A,15.0,Op1,3,23.289
B06,A,15.0,Op1,4,22.734
B06,A,15.0,Op2,1,21.078
B06,A,15.0,Op2,2,22.722
B06,A,15.0,Op2,3,20.714
B06,A,15.0,Op2,4,21.0
B06,A,15.0,Op3,1,19.055
B06,A,15.0,Op3,2,21.291
B06,A,15.0,Op3,3,20.786
B06,A,15.0,Op3,4,18.742
B06,B,0.0,Op1,1,20.819
B06,B,0.0,Op1,2,20.776
B06,B,0.0,Op1,3,23.592
B06,B,0.0,Op1,4,22.237
B06,B,0.0,Op2,1,20.913
B06,B,0.0,Op2,2,21.269
B06,B,0.0,Op2,3,20.962
B06,B,0.0,Op2,4,20.591
B06,B,0.0,Op3,1,19.272
B06,B,0.0,Op3,2,20.669
B06,B,0.0,Op3,3,19.776
B06,B,0.0,Op3,4,19.02
B06,B,5.0,Op1,1,22.762
B06,B,5.0,Op1,2,22.583
B06,B,5.0,Op1,3,19.316
B06,B,5.0,Op1,4,21.812
B06,B,5.0,Op2,1,23.489
B06,B,5.0,Op2,2,23.584
B06,B,5.0,Op2,3,23.534
B06,B,5.0,Op2,4,22.054
B06,B,5.0,Op3,1,20.728
B06,B,5.0,Op3,2,20.37
B06,B,5.0,Op3,3,22.513
B06,B,5.0,Op3,4,22.565
B06,B,10.0,Op1,1,25.027
B06,B,10.0,Op1,2,24.746
B06,B,10.0,Op1,3,22.897
B06,B,10.0,Op1,4,21.229
B06,B,10.0,Op2,1,22.617
B06,B,10.0,Op2,2,23.421
B06,B,10.0,Op2,3,22.793
B06,B,10.0,Op2,4,22.229
B06,B,10.0,Op3,1,23.475
B06,B,10.0,Op3,2,22.34
B06,B,10.0,Op3,3,22.154
B06,B,10.0,Op3,4,23.563
B06,B,15.0,Op1,1,23.593
B06,B,15.0,Op1,2,24.562
B06,B,15.0,Op1,3,24.605
B06,B,15.0,Op1,4,22.486
B06,B,15.0,Op2,1,23.474
B06,B,15.0,Op2,2,26.352
B06,B,15.0,Op2,3,22.453
B06,B,15.0,Op2,4,21.021
B06,B,15.0,Op3,1,21.403
B06,B,15.0,Op3,2,24.239
B06,B,15.0,Op3,3,24.242
B06,B,15.0,Op3,4,24.019
B06,C,0.0,Op1,1,17.717
B06,C,0.0,Op1,2,11.886
B06,C,0.0,Op1,3,16.49
B06,C,0.0,Op1,4,18.238
B06,C,0.0,Op2,1,14.204
B06,C,0.0,Op2,2,15.326
B06,C,0.0,Op2,3,14.766
B06,C,0.0,Op2,4,14.554
B06,C,0.0,Op3,1,15.406
B06,C,0.0,Op3,2,18.037
B06,C,0.0,Op3,3,18.652
B06,C,0.0,Op3,4,15.392
B06,C,5.0,Op1,1,19.853
B06,C,5.0,Op1,2,17.049
B06,C,5.0,Op1,3,19.626
B06,C,5.0,Op1,4,16.856
B06,C,5.0,Op2,1,17.192
B06,C,5.0,Op2,2,17.544
B06,C,5.0,Op2,3,21.764
B06,C,5.0,Op2,4,18.273
B06,C,5.0,Op3,1,15.935
B06,C,5.0,Op3,2,18.449
B06,C,5.0,Op3,3,16.453
B06,C,5.0,Op3,4,16.261
B06,C,10.0,Op1,1,19.459
B06,C,10.0,Op1,2,18.142
B06,C,10.0,Op1,3,18.514
B06,C,10.0,Op1,4,18.117
B06,C,10.0,Op2,1,18.601
B06,C,10.0,Op2,2,18.733
B06,C,10.0,Op2,3,15.19
B06,C,10.0,Op2,4,19.095
B06,C,10.0,Op3,1,16.623
B06,C,10.0,Op3,2,15.932
B06,C,10.0,Op3,3,18.008
B06,C,10.0,Op3,4,18.222
B06,C,15.0,Op1,1,18.155
B06,C,15.0,Op1,2,20.442
B06,C,15.0,Op1,3,17.182
B06,C,15.0,Op1,4,18.585
B06,C,15.0,Op2,1,18.318
B06,C,15.0,Op2,2,19.126
B06,C,15.0,Op2,3,19.614
B06,C,15.0,Op2,4,17.684
B06,C,15.0,Op3,1,20.282
B06,C,15.0,Op3,2,19.29
B06,C,15.0,Op3,3,16.358
B06,C,15.0,Op3,4,16.258
B07,A,0.0,Op1,1,20.237
B07,A,0.0,Op1,2,19.924
B07,A,0.0,Op1,3,20.101
B07,A,0.0,Op1,4,20.214
B07,A,0.0,Op2,1,20.594
B07,A,0.0,Op2,2,21.677
B07,A,0.0,Op2,3,18.589
B07,A,0.0,Op2,4,18.498
B07,A,0.0,Op3,1,18.616
B07,A,0.0,Op3,2,20.689
B07,A,0.0,Op3,3,22.123
B07,A,0.0,Op3,4,19.609
B07,A,5.0,Op1,1,17.603
B07,A,5.0,Op1,2,18.8
B07,A,5.0,Op1,3,20.106
B07,A,5.0,Op1,4,20.519
B07,A,5.0,Op2,1,20.743
B07,A,5.0,Op2,2,21.414
B07,A,5.0,Op2,3,20.888
B07,A,5.0,Op2,4,22.93
B07,A,5.0,Op3,1,20.342
B07,A,5.0,Op3,2,20.062
B07,A,5.0,Op3,3,22.074
B07,A,5.0,Op3,4,19.052
B07,A,10.0,Op1,1,23.04
B07,A,10.0,Op1,2,22.61
B07,A,10.0,Op1,3,22.235
B07,A,10.0,Op1,4,24.838
B07,A,10.0,Op2,1,21.522
B07,A,10.0,Op2,2,25.546
B07,A,10.0,Op2,3,22.118
B07,A,10.0,Op2,4,20.54
B07,A,10.0,Op3,1,22.561
B07,A,10.0,Op3,2,20.841
B07,A,10.0,Op3,3,21.328
B07,A,10.0,Op3,4,23.051
B07,A,15.0,Op1,1,24.389
B07,A,15.0,Op1,2,22.622
B07,A,15.0,Op1,3,25.037
B07,A,15.0,Op1,4,25.292
B07,A,15.0,Op2,1,25.71
B07,A,15.0,Op2,2,24.35
B07,A,15.0,Op2,3,25.601
B07,A,15.0,Op2,4,20.734
B07,A,15.0,Op3,1,23.079
B07,A,15.0,Op3,2,22.255
B07,A,15.0,Op3,3,23.735
B07,A,15.0,Op3,4,22.699
B07,B,0.0,Op1,1,23.506
B07,B,0.0,Op1,2,26.579
B07,B,0.0,Op1,3,23.501
B07,B,0.0,Op1,4,24.376
B07,B,0.0,Op2,1,23.407
B07,B,0.0,Op2,2,23.869
B07,B,0.0,Op2,3,23.765
B07,B,0.0,Op2,4,24.428
B07,B,0.0,Op3,1,25.504
B07,B,0.0,Op3,2,26.227
B07,B,0.0,Op3,3,24.22
B07,B,0.0,Op3,4,24.64
B07,B,5.0,Op1,1,23.129
B07,B,5.0,Op1,2,24.724
B07,B,5.0,Op1,3,26.266
B07,B,5.0,Op1,4,26.155
B07,B,5.0,Op2,1,25.173
B07,B,5.0,Op2,2,26.185
B07,B,5.0,Op2,3,25.592
B07,B,5.0,Op2,4,26.656
B07,B,5.0,Op3,1,25.29
B07,B,5.0,Op3,2,24.322
B07,B,5.0,Op3,3,25.359
B07,B,5.0,Op3,4,20.46
B07,B,10.0,Op1,1,26.53
B07,B,10.0,Op1,2,20.483
B07,B,10.0,Op1,3,23.37
B07,B,10.0,Op1,4,26.633
B07,B,10.0,Op2,1,26.672
B07,B,10.0,Op2,2,24.212
B07,B,10.0,Op2,3,24.888
B07,B,10.0,Op2,4,28.011
B07,B,10.0,Op3,1,25.23
B07,B,10.0,Op3,2,29.32
B07,B,10.0,Op3,3,25.953
B07,B,10.0,Op3,4,26.568
B07,B,15.0,Op1,1,29.481
B07,B,15.0,Op1,2,27.252
B07,B,15.0,Op1,3,25.552
B07,B,15.0,Op1,4,26.891
B07,B,15.0,Op2,1,27.002
B07,B,15.0,Op2,2,25.009
B07,B,15.0,Op2,3,26.672
B07,B,15.0,Op2,4,25.942
B07,B,15.0,Op3,1,28.442
B07,B,15.0,Op3,2,27.108
B07,B,15.0,Op3,3,26.631
B07,B,15.0,Op3,4,26.896
B07,C,0.0,Op1,1,19.09
B07,C,0.0,Op1,2,19.681
B07,C,0.0,Op1,3,17.256
B07,C,0.0,Op1,4,17.193
B07,C,0.0,Op2,1,20.413
B07,C,0.0,Op2,2,18.137
B07,C,0.0,Op2,3,16.63
B07,C,0.0,Op2,4,19.421
B07,C,0.0,Op3,1,19.451
B07,C,0.0,Op3,2,16.46
B07,C,0.0,Op3,3,19.1
B07,C,0.0,Op3,4,19.859
B07,C,5.0,Op1,1,20.417
B07,C,5.0,Op1,2,20.804
B07,C,5.0,Op1,3,17.749
B07,C,5.0,Op1,4,20.352
B07,C,5.0,Op2,1,19.402
B07,C,5.0,Op2,2,19.131
B07,C,5.0,Op2,3,21.162
B07,C,5.0,Op2,4,22.075
B07,C,5.0,Op3,1,22.547
B07,C,5.0,Op3,2,21.828
B07,C,5.0,Op3,3,19.691
B07,C,5.0,Op3,4,20.385
B07,C,10.0,Op1,1,22.106
B07,C,10.0,Op1,2,21.137
B07,C,10.0,Op1,3,21.152
B07,C,10.0,Op1,4,22.191
B07,C,10.0,Op2,1,20.867
B07,C,10.0,Op2,2,19.862
B07,C,10.0,Op2,3,20.334
B07,C,10.0,Op2,4,21.907
B07,C,10.0,Op3,1,20.96
B07,C,10.0,Op3,2,21.466
B07,C,10.0,Op3,3,21.961
B07,C,10.0,Op3,4,20.393
B07,C,15.0,Op1,1,23.19
B07,C,15.0,Op1,2,22.624
B07,C,15.0,Op1,3,20.203
B07,C,15.0,Op1,4,24.219
B07,C,15.0,Op2,1,21.305
B07,C,15.0,Op2,2,19.573
B07,C,15.0,Op2,3,20.488
B07,C,15.0,Op2,4,20.524
B07,C,15.0,Op3,1,22.134
B07,C,15.0,Op3,2,21.645
B07,C,15.0,Op3,3,21.55
B07,C,15.0,Op3,4,22.985
B08,A,0.0,Op1,1,19.877
B08,A,0.0,Op1,2,19.842
B08,A,0.0,Op1,3,19.982
B08,A,0.0,Op1,4,20.292
B08,A,0.0,Op2,1,16.206
B08,A,0.0,Op2,2,18.821
B08,A,0.0,Op2,3,16.097
B08,A,0.0,Op2,4,19.422
B08,A,0.0,Op3,1,19.361
B08,A,0.0,Op3,2,20.936
B08,A,0.0,Op3,3,21.149
B08,A,0.0,Op3,4,19.672
B08,A,5.0,Op1,1,19.717
B08,A,5.0,Op1,2,21.195
B08,A,5.0,Op1,3,19.676
B08,A,5.0,Op1,4,20.465
B08,A,5.0,Op2,1,21.947
B08,A,5.0,Op2,2,19.631
B08,A,5.0,Op2,3,21.676
B08,A,5.0,Op2,4,21.484
B08,A,5.0,Op3,1,19.035
B08,A,5.0,Op3,2,21.928
B08,A,5.0,Op3,3,21.515
B08,A,5.0,Op3,4,20.62
B08,A,10.0,Op1,1,20.424
B08,A,10.0,Op1,2,20.279
B08,A,10.0,Op1,3,20.761
B08,A,10.0,Op1,4,22.381
B08,A,10.0,Op2,1,20.134
B08,A,10.0,Op2,2,22.224
B08,A,10.0,Op2,3,19.705
B08,A,10.0,Op2,4,21.261
B08,A,10.0,Op3,1,21.732
B08,A,10.0,Op3,2,25.235
B08,A,10.0,Op3,3,19.502
B08,A,10.0,Op3,4,23.776
B08,A,15.0,Op1,1,22.892
B08,A,15.0,Op1,2,23.284
B08,A,15.0,Op1,3,22.845
B08,A,15.0,Op1,4,23.335
B08,A,15.0,Op2,1,22.437
B08,A,15.0,Op2,2,24.849
B08,A,15.0,Op2,3,21.983
B08,A,15.0,Op2,4,24.366
B08,A,15.0,Op3,1,21.701
B08,A,15.0,Op3,2,22.577
B08,A,15.0,Op3,3,21.06
B08,A,15.0,Op3,4,23.35
B08,B,0.0,Op1,1,25.035
B08,B,0.0,Op1,2,22.751
B08,B,0.0,Op1,3,22.572
B08,B,0.0,Op1,4,21.196
B08,B,0.0,Op2,1,22.524
B08,B,0.0,Op2,2,20.478
B08,B,0.0,Op2,3,21.498
B08,B,0.0,Op2,4,23.208
B08,B,0.0,Op3,1,24.846
B08,B,0.0,Op3,2,27.081
B08,B,0.0,Op3,3,21.988
B08,B,0.0,Op3,4,25.02
B08,B,5.0,Op1,1,24.333
B08,B,5.0,Op1,2,23.741
B08,B,5.0,Op1,3,24.616
B08,B,5.0,Op1,4,24.06
B08,B,5.0,Op2,1,24.133
B08,B,5.0,Op2,2,23.355
B08,B,5.0,Op2,3,21.87
B08,B,5.0,Op2,4,21.652
B08,B,5.0,Op3,1,24.947
B08,B,5.0,Op3,2,23.552
B08,B,5.0,Op3,3,23.073
B08,B,5.0,Op3,4,23.98
B08,B,10.0,Op1,1,26.26
B08,B,10.0,Op1,2,25.338
B08,B,10.0,Op1,3,24.083
B08,B,10.0,Op1,4,26.907
B08,B,10.0,Op2,1,27.436
B08,B,10.0,Op2,2,25.809
B08,B,10.0,Op2,3,26.528
B08,B,10.0,Op2,4,26.93
B08,B,10.0,Op3,1,26.763
B08,B,10.0,Op3,2,25.989
B08,B,10.0,Op3,3,25.965
B08,B,10.0,Op3,4,25.847
B08,B,15.0,Op1,1,24.522
B08,B,15.0,Op1,2,27.219
B08,B,15.0,Op1,3,24.134
B08,B,15.0,Op1,4,24.976
B08,B,15.0,Op2,1,28.123
B08,B,15.0,Op2,2,27.428
B08,B,15.0,Op2,3,28.399
B08,B,15.0,Op2,4,25.76
B08,B,15.0,Op3,1,24.439
B08,B,15.0,Op3,2,25.807
B08,B,15.0,Op3,3,26.321
B08,B,15.0,Op3,4,26.286
B08,C,0.0,Op1,1,19.568
B08,C,0.0,Op1,2,17.326
B08,C,0.0,Op1,3,18.396
B08,C,0.0,Op1,4,16.385
B08,C,0.0,Op2,1,18.543
B08,C,0.0,Op2,2,17.872
B08,C,0.0,Op2,3,16.743
B08,C,0.0,Op2,4,17.514
B08,C,0.0,Op3,1,17.591
B08,C,0.0,Op3,2,17.462
B08,C,0.0,Op3,3,20.525
B08,C,0.0,Op3,4,17.72
B08,C,5.0,Op1,1,18.602
B08,C,5.0,Op1,2,15.821
B08,C,5.0,Op1,3,17.626
B08,C,5.0,Op1,4,18.573
B08,C,5.0,Op2,1,17.939
B08,C,5.0,Op2,2,21.04
B08,C,5.0,Op2,3,18.72
B08,C,5.0,Op2,4,20.9
B08,C,5.0,Op3,1,19.06
B08,C,5.0,Op3,2,19.023
B08,C,5.0,Op3,3,18.834
B08,C,5.0,Op3,4,18.973
B08,C,10.0,Op1,1,22.646
B08,C,10.0,Op1,2,16.588
B08,C,10.0,Op1,3,17.065
B08,C,10.0,Op1,4,19.253
B08,C,10.0,Op2,1,20.089
B08,C,10.0,Op2,2,21.103
B08,C,10.0,Op2,3,20.777
B08,C,10.0,Op2,4,19.491
B08,C,10.0,Op3,1,21.596
B08,C,10.0,Op3,2,21.613
B08,C,10.0,Op3,3,20.344
B08,C,10.0,Op3,4,21.512
B08,C,15.0,Op1,1,21.576
B08,C,15.0,Op1,2,20.325
B08,C,15.0,Op1,3,22.214
B08,C,15.0,Op1,4,21.333
B08,C,15.0,Op2,1,21.17
B08,C,15.0,Op2,2,23.377
B08,C,15.0,Op2,3,17.491
B08,C,15.0,Op2,4,19.041
B08,C,15.0,Op3,1,19.387
B08,C,15.0,Op3,2,20.623
B08,C,15.0,Op3,3,20.786
B08,C,15.0,Op3,4,18.907
B09,A,0.0,Op1,1,18.489
B09,A,0.0,Op1,2,18.675
B09,A,0.0,Op1,3,23.653
B09,A,0.0,Op1,4,22.669
B09,A,0.0,Op2,1,19.349
B09,A,0.0,Op2,2,19.421
B09,A,0.0,Op2,3,18.243
B09,A,0.0,Op2,4,17.104
B09,A,0.0,Op3,1,19.791
B09,A,0.0,Op3,2,18.47
B09,A,0.0,Op3,3,19.839
B09,A,0.0,Op3,4,17.566
B09,A,5.0,Op1,1,19.923
B09,A,5.0,Op1,2,21.289
B09,A,5.0,Op1,3,21.616
B09,A,5.0,Op1,4,21.693
B09,A,5.0,Op2,1,19.086
B09,A,5.0,Op2,2,22.348
B09,A,5.0,Op2,3,19.866
B09,A,5.0,Op2,4,22.016
B09,A,5.0,Op3,1,21.05
B09,A,5.0,Op3,2,19.002
B09,A,5.0,Op3,3,20.592
B09,A,5.0,Op3,4,21.614
B09,A,10.0,Op1,1,23.086
B09,A,10.0,Op1,2,21.955
B09,A,10.0,Op1,3,24.464
B09,A,10.0,Op1,4,23.678
B09,A,10.0,Op2,1,21.781
B09,A,10.0,Op2,2,23.292
B09,A,10.0,Op2,3,25.067
B09,A,10.0,Op2,4,25.107
B09,A,10.0,Op3,1,20.324
B09,A,10.0,Op3,2,20.777
B09,A,10.0,Op3,3,24.394
B09,A,10.0,Op3,4,20.579
B09,A,15.0,Op1,1,21.283
B09,A,15.0,Op1,2,22.537
B09,A,15.0,Op1,3,23.897
B09,A,15.0,Op1,4,23.113
B09,A,15.0,Op2,1,22.291
B09,A,15.0,Op2,2,22.255
B09,A,15.0,Op2,3,22.198
B09,A,15.0,Op2,4,21.947
B09,A,15.0,Op3,1,26.689
B09,A,15.0,Op3,2,23.713
B09,A,15.0,Op3,3,24.597
B09,A,15.0,Op3,4,22.533
B09,B,0.0,Op1,1,23.187
B09,B,0.0,Op1,2,22.396
B09,B,0.0,Op1,3,19.489
B09,B,0.0,Op1,4,21.399
B09,B,0.0,Op2,1,20.75
B09,B,0.0,Op2,2,20.092
B09,B,0.0,Op2,3,21.673
B09,B,0.0,Op2,4,25.454
B09,B,0.0,Op3,1,23.4
B09,B,0.0,Op3,2,25.402
B09,B,0.0,Op3,3,24.083
B09,B,0.0,Op3,4,24.64
B09,B,5.0,Op1,1,23.215
B09,B,5.0,Op1,2,25.352
B09,B,5.0,Op1,3,25.659
B09,B,5.0,Op1,4,23.701
B09,B,5.0,Op2,1,25.406
B09,B,5.0,Op2,2,25.416
B09,B,5.0,Op2,3,23.742
B09,B,5.0,Op2,4,22.882
B09,B,5.0,Op3,1,22.79
B09,B,5.0,Op3,2,24.696
B09,B,5.0,Op3,3,25.057
B09,B,5.0,Op3,4,23.378
B09,B,10.0,Op1,1,25.706
B09,B,10.0,Op1,2,26.522
B09,B,10.0,Op1,3,26.594
B09,B,10.0,Op1,4,27.994
B09,B,10.0,Op2,1,27.582
B09,B,10.0,Op2,2,24.164
B09,B,10.0,Op2,3,28.192
B09,B,10.0,Op2,4,24.87
B09,B,10.0,Op3,1,27.234
B09,B,10.0,Op3,2,25.768
B09,B,10.0,Op3,3,25.048
B09,B,10.0,Op3,4,22.955
B09,B,15.0,Op1,1,26.509
B09,B,15.0,Op1,2,24.427
B09,B,15.0,Op1,3,28.217
B09,B,15.0,Op1,4,29.042
B09,B,15.0,Op2,1,25.571
B09,B,15.0,Op2,2,27.219
B09,B,15.0,Op2,3,25.678
B09,B,15.0,Op2,4,25.824
B09,B,15.0,Op3,1,27.928
B09,B,15.0,Op3,2,26.709
B09,B,15.0,Op3,3,29.376
B09,B,15.0,Op3,4,26.043
B09,C,0.0,Op1,1,19.965
B09,C,0.0,Op1,2,18.613
B09,C,0.0,Op1,3,19.66
B09,C,0.0,Op1,4,17.796
B09,C,0.0,Op2,1,18.392
B09,C,0.0,Op2,2,18.293
B09,C,0.0,Op2,3,17.212
B09,C,0.0,Op2,4,19.46
B09,C,0.0,Op3,1,19.442
B09,C,0.0,Op3,2,19.357
B09,C,0.0,Op3,3,20.772
B09,C,0.0,Op3,4,20.64
B09,C,5.0,Op1,1,19.004
B09,C,5.0,Op1,2,20.126
B09,C,5.0,Op1,3,18.631
B09,C,5.0,Op1,4,19.601
B09,C,5.0,Op2,1,18.667
B09,C,5.0,Op2,2,21.997
B09,C,5.0,Op2,3,20.112
B09,C,5.0,Op2,4,19.239
B09,C,5.0,Op3,1,21.357
B09,C,5.0,Op3,2,16.31
B09,C,5.0,Op3,3,16.545
B09,C,5.0,Op3,4,20.76
B09,C,10.0,Op1,1,20.757
B09,C,10.0,Op1,2,21.042
B09,C,10.0,Op1,3,18.677
B09,C,10.0,Op1,4,20.632
B09,C,10.0,Op2,1,23.672
B09,C,10.0,Op2,2,21.903
B09,C,10.0,Op2,3,20.921
B09,C,10.0,Op2,4,20.008
B09,C,10.0,Op3,1,20.075
B09,C,10.0,Op3,2,17.473
B09,C,10.0,Op3,3,21.053
B09,C,10.0,Op3,4,21.935
B09,C,15.0,Op1,1,19.403
B09,C,15.0,Op1,2,20.774
B09,C,15.0,Op1,3,20.03
B09,C,15.0,Op1,4,20.318
B09,C,15.0,Op2,1,21.847
B09,C,15.0,Op2,2,18.64
B09,C,15.0,Op2,3,22.688
B09,C,15.0,Op2,4,22.897
B09,C,15.0,Op3,1,21.39
B09,C,15.0,Op3,2,18.045
B09,C,15.0,Op3,3,20.272
B09,C,15.0,Op3,4,23.616
B10,A,0.0,Op1,1,14.127
B10,A,0.0,Op1,2,17.773
B10,A,0.0,Op1,3,16.524
B10,A,0.0,Op1,4,19.501
B10,A,0.0,Op2,1,17.281
B10,A,0.0,Op2,2,18.9
B10,A,0.0,Op2,3,19.142
B10,A,0.0,Op2,4,21.048
B10,A,0.0,Op3,1,17.989
B10,A,0.0,Op3,2,18.858
B10,A,0.0,Op3,3,16.066
B10,A,0.0,Op3,4,20.08
B10,A,5.0,Op1,1,18.253
B10,A,5.0,Op1,2,18.553
B10,A,5.0,Op1,3,19.361
B10,A,5.0,Op1,4,17.05
B10,A,5.0,Op2,1,19.737
B10,A,5.0,Op2,2,20.845
B10,A,5.0,Op2,3,19.833
B10,A,5.0,Op2,4,17.011
B10,A,5.0,Op3,1,19.208
B10,A,5.0,Op3,2,20.507
B10,A,5.0,Op3,3,16.577
B10,A,5.0,Op3,4,17.782
B10,A,10.0,Op1,1,21.809
B10,A,10.0,Op1,2,20.899
B10,A,10.0,Op1,3,21.112
B10,A,10.0,Op1,4,23.283
B10,A,10.0,Op2,1,21.197
B10,A,10.0,Op2,2,21.481
B10,A,10.0,Op2,3,24.56
B10,A,10.0,Op2,4,20.173
B10,A,10.0,Op3,1,19.297
B10,A,10.0,Op3,2,21.136
B10,A,10.0,Op3,3,21.152
B10,A,10.0,Op3,4,19.704
B10,A,15.0,Op1,1,20.045
B10,A,15.0,Op1,2,25.059
B10,A,15.0,Op1,3,22.084
B10,A,15.0,Op1,4,20.495
B10,A,15.0,Op2,1,22.968
B10,A,15.0,Op2,2,21.43
B10,A,15.0,Op2,3,21.215
B10,A,15.0,Op2,4,22.437
B10,A,15.0,Op3,1,19.656
B10,A,15.0,Op3,2,22.123
B10,A,15.0,Op3,3,24.463
B10,A,15.0,Op3,4,22.293
B10,B,0.0,Op1,1,21.23
B10,B,0.0,Op1,2,21.033
B10,B,0.0,Op1,3,21.178
B10,B,0.0,Op1,4,21.413
B10,B,0.0,Op2,1,21.227
B10,B,0.0,Op2,2,23.168
B10,B,0.0,Op2,3,19.194
B10,B,0.0,Op2,4,23.087
B10,B,0.0,Op3,1,21.224
B10,B,0.0,Op3,2,22.359
B10,B,0.0,Op3,3,20.103
B10,B,0.0,Op3,4,23.787
B10,B,5.0,Op1,1,24.762
B10,B,5.0,Op1,2,24.333
B10,B,5.0,Op1,3,20.622
B10,B,5.0,Op1,4,24.138
B10,B,5.0,Op2,1,23.501
B10,B,5.0,Op2,2,20.486
B10,B,5.0,Op2,3,22.857
B10,B,5.0,Op2,4,23.441
B10,B,5.0,Op3,1,23.728
B10,B,5.0,Op3,2,23.16
B10,B,5.0,Op3,3,23.331
B10,B,5.0,Op3,4,25.104
B10,B,10.0,Op1,1,25.833
B10,B,10.0,Op1,2,19.693
B10,B,10.0,Op1,3,23.518
B10,B,10.0,Op1,4,23.747
B10,B,10.0,Op2,1,21.366
B10,B,10.0,Op2,2,24.135
B10,B,10.0,Op2,3,25.867
B10,B,10.0,Op2,4,22.364
B10,B,10.0,Op3,1,24.499
B10,B,10.0,Op3,2,22.62
B10,B,10.0,Op3,3,22.986
B10,B,10.0,Op3,4,26.21
B10,B,15.0,Op1,1,24.28
B10,B,15.0,Op1,2,25.787
B10,B,15.0,Op1,3,22.287
B10,B,15.0,Op1,4,27.887
B10,B,15.0,Op2,1,25.998
B10,B,15.0,Op2,2,24.82
B10,B,15.0,Op2,3,25.957
B10,B,15.0,Op2,4,22.979
B10,B,15.0,Op3,1,26.868
B10,B,15.0,Op3,2,24.608
B10,B,15.0,Op3,3,24.788
B10,B,15.0,Op3,4,24.356
B10,C,0.0,Op1,1,15.923
B10,C,0.0,Op1,2,17.836
B10,C,0.0,Op1,3,17.178
B10,C,0.0,Op1,4,17.772
B10,C,0.0,Op2,1,16.781
B10,C,0.0,Op2,2,17.564
B10,C,0.0,Op2,3,16.166
B10,C,0.0,Op2,4,20.139
B10,C,0.0,Op3,1,14.442
B10,C,0.0,Op3,2,18.685
B10,C,0.0,Op3,3,18.846
B10,C,0.0,Op3,4,15.516
B10,C,5.0,Op1,1,21.238
B10,C,5.0,Op1,2,19.387
B10,C,5.0,Op1,3,19.351
B10,C,5.0,Op1,4,17.936
B10,C,5.0,Op2,1,17.568
B10,C,5.0,Op2,2,17.58
B10,C,5.0,Op2,3,18.48
B10,C,5.0,Op2,4,19.996
B10,C,5.0,Op3,1,18.166
B10,C,5.0,Op3,2,16.527
B10,C,5.0,Op3,3,19.131
B10,C,5.0,Op3,4,19.276
B10,C,10.0,Op1,1,19.976
B10,C,10.0,Op1,2,20.112
B10,C,10.0,Op1,3,18.588
B10,C,10.0,Op1,4,17.6
B10,C,10.0,Op2,1,17.692
B10,C,10.0,Op2,2,16.541
B10,C,10.0,Op2,3,19.349
B10,C,10.0,Op2,4,18.869
B10,C,10.0,Op3,1,18.334
B10,C,10.0,Op3,2,14.56
B10,C,10.0,Op3,3,17.123
B10,C,10.0,Op3,4,20.675
B10,C,15.0,Op1,1,19.097
B10,C,15.0,Op1,2,20.635
B10,C,15.0,Op1,3,18.008
B10,C,15.0,Op1,4,22.252
B10,C,15.0,Op2,1,19.878
B10,C,15.0,Op2,2,20.529
B10,C,15.0,Op2,3,23.583
B10,C,15.0,Op2,4,22.369
B10,C,15.0,Op3,1,19.634
B10,C,15.0,Op3,2,19.204
B10,C,15.0,Op3,3,19.606
B10,C,15.0,Op3,4,20.859
B11,A,0.0,Op1,1,21.601
B11,A,0.0,Op1,2,21.166
B11,A,0.0,Op1,3,23.96
B11,A,0.0,Op1,4,21.587
B11,A,0.0,Op2,1,25.208
B11,A,0.0,Op2,2,21.895
B11,A,0.0,Op2,3,24.437
B11,A,0.0,Op2,4,22.295
B11,A,0.0,Op3,1,23.203
B11,A,0.0,Op3,2,20.672
B11,A,0.0,Op3,3,20.478
B11,A,0.0,Op3,4,22.448
B11,A,5.0,Op1,1,24.342
B11,A,5.0,Op1,2,22.919
B11,A,5.0,Op1,3,20.929
B11,A,5.0,Op1,4,20.818
B11,A,5.0,Op2,1,20.718
B11,A,5.0,Op2,2,20.207
B11,A,5.0,Op2,3,23.023
B11,A,5.0,Op2,4,24.546
B11,A,5.0,Op3,1,22.839
B11,A,5.0,Op3,2,19.468
B11,A,5.0,Op3,3,22.573
B11,A,5.0,Op3,4,22.615
B11,A,10.0,Op1,1,27.103
B11,A,10.0,Op1,2,21.773
B11,A,10.0,Op1,3,23.373
B11,A,10.0,Op1,4,26.518
B11,A,10.0,Op2,1,24.634
B11,A,10.0,Op2,2,24.804
B11,A,10.0,Op2,3,24.131
B11,A,10.0,Op2,4,24.454
B11,A,10.0,Op3,1,25.125
B11,A,10.0,Op3,2,22.745
B11,A,10.0,Op3,3,25.276
B11,A,10.0,Op3,4,21.899
B11,A,15.0,Op1,1,25.551
B11,A,15.0,Op1,2,25.327
B11,A,15.0,Op1,3,24.134
B11,A,15.0,Op1,4,25.025
B11,A,15.0,Op2,1,24.125
B11,A,15.0,Op2,2,23.451
B11,A,15.0,Op2,3,24.528
B11,A,15.0,Op2,4,23.403
B11,A,15.0,Op3,1,25.543
B11,A,15.0,Op3,2,23.334
B11,A,15.0,Op3,3,26.127
B11,A,15.0,Op3,4,23.287
B11,B,0.0,Op1,1,24.409
B11,B,0.0,Op1,2,24.322
B11,B,0.0,Op1,3,27.247
B11,B,0.0,Op1,4,25.754
B11,B,0.0,Op2,1,24.941
B11,B,0.0,Op2,2,26.007
B11,B,0.0,Op2,3,22.098
B11,B,0.0,Op2,4,25.194
B11,B,0.0,Op3,1,28.255
B11,B,0.0,Op3,2,25.457
B11,B,0.0,Op3,3,25.361
B11,B,0.0,Op3,4,26.081
B11,B,5.0,Op1,1,27.702
B11,B,5.0,Op1,2,23.363
B11,B,5.0,Op1,3,23.835
B11,B,5.0,Op1,4,26.674
B11,B,5.0,Op2,1,25.286
B11,B,5.0,Op2,2,28.327
B11,B,5.0,Op2,3,25.886
B11,B,5.0,Op2,4,23.457
B11,B,5.0,Op3,1,24.457
B11,B,5.0,Op3,2,22.234
B11,B,5.0,Op3,3,26.008
B11,B,5.0,Op3,4,26.076
B11,B,10.0,Op1,1,26.822
B11,B,10.0,Op1,2,29.077
B11,B,10.0,Op1,3,29.257
B11,B,10.0,Op1,4,27.203
B11,B,10.0,Op2,1,24.257
B11,B,10.0,Op2,2,28.385
B11,B,10.0,Op2,3,28.292
B11,B,10.0,Op2,4,27.923
B11,B,10.0,Op3,1,28.931
B11,B,10.0,Op3,2,25.712
B11,B,10.0,Op3,3,30.472
B11,B,10.0,Op3,4,26.02
B11,B,15.0,Op1,1,29.683
B11,B,15.0,Op1,2,26.028
B11,B,15.0,Op1,3,27.163
B11,B,15.0,Op1,4,30.833
B11,B,15.0,Op2,1,28.167
B11,B,15.0,Op2,2,29.819
B11,B,15.0,Op2,3,28.914
B11,B,15.0,Op2,4,28.401
B11,B,15.0,Op3,1,30.605
B11,B,15.0,Op3,2,28.204
B11,B,15.0,Op3,3,25.888
B11,B,15.0,Op3,4,27.354
B11,C,0.0,Op1,1,21.086
B11,C,0.0,Op1,2,20.852
B11,C,0.0,Op1,3,17.908
B11,C,0.0,Op1,4,19.172
B11,C,0.0,Op2,1,19.386
B11,C,0.0,Op2,2,19.711
B11,C,0.0,Op2,3,18.195
B11,C,0.0,Op2,4,19.316
B11,C,0.0,Op3,1,19.166
B11,C,0.0,Op3,2,21.416
B11,C,0.0,Op3,3,21.472
B11,C,0.0,Op3,4,20.04
B11,C,5.0,Op1,1,20.771
B11,C,5.0,Op1,2,21.569
B11,C,5.0,Op1,3,20.134
B11,C,5.0,Op1,4,19.639
B11,C,5.0,Op2,1,19.948
B11,C,5.0,Op2,2,20.407
B11,C,5.0,Op2,3,19.614
B11,C,5.0,Op2,4,21.602
B11,C,5.0,Op3,1,22.453
B11,C,5.0,Op3,2,18.978
B11,C,5.0,Op3,3,21.396
B11,C,5.0,Op3,4,21.029
B11,C,10.0,Op1,1,22.971
B11,C,10.0,Op1,2,22.439
B11,C,10.0,Op1,3,20.278
B11,C,10.0,Op1,4,20.565
B11,C,10.0,Op2,1,22.503
B11,C,10.0,Op2,2,24.002
B11,C,10.0,Op2,3,19.138
B11,C,10.0,Op2,4,22.977
B11,C,10.0,Op3,1,24.243
B11,C,10.0,Op3,2,22.229
B11,C,10.0,Op3,3,23.284
B11,C,10.0,Op3,4,21.404
B11,C,15.0,Op1,1,23.38
B11,C,15.0,Op1,2,21.127
B11,C,15.0,Op1,3,20.042
B11,C,15.0,Op1,4,24.973
B11,C,15.0,Op2,1,22.081
B11,C,15.0,Op2,2,22.876
B11,C,15.0,Op2,3,21.479
B11,C,15.0,Op2,4,21.444
B11,C,15.0,Op3,1,23.298
B11,C,15.0,Op3,2,22.464
B11,C,15.0,Op3,3,24.126
B11,C,15.0,Op3,4,24.238
B12,A,0.0,Op1,1,22.037
B12,A,0.0,Op1,2,21.913
B12,A,0.0,Op1,3,23.922
B12,A,0.0,Op1,4,19.954
B12,A,0.0,Op2,1,21.473
B12,A,0.0,Op2,2,23.255
B12,A,0.0,Op2,3,23.452
B12,A,0.0,Op2,4,19.423
B12,A,0.0,Op3,1,21.087
B12,A,0.0,Op3,2,23.593
B12,A,0.0,Op3,3,22.318
B12,A,0.0,Op3,4,21.848
B12,A,5.0,Op1,1,22.329
B12,A,5.0,Op1,2,22.08
B12,A,5.0,Op1,3,23.088
B12,A,5.0,Op1,4,22.277
B12,A,5.0,Op2,1,22.592
B12,A,5.0,Op2,2,22.773
B12,A,5.0,Op2,3,21.638
B12,A,5.0,Op2,4,23.454
B12,A,5.0,Op3,1,27.027
B12,A,5.0,Op3,2,19.99
B12,A,5.0,Op3,3,23.142
B12,A,5.0,Op3,4,21.515
B12,A,10.0,Op1,1,24.622
B12,A,10.0,Op1,2,23.825
B12,A,10.0,Op1,3,24.898
B12,A,10.0,Op1,4,25.519
B12,A,10.0,Op2,1,24.044
B12,A,10.0,Op2,2,25.454
B12,A,10.0,Op2,3,20.239
B12,A,10.0,Op2,4,26.141
B12,A,10.0,Op3,1,24.318
B12,A,10.0,Op3,2,25.372
B12,A,10.0,Op3,3,21.926
B12,A,10.0,Op3,4,22.509
B12,A,15.0,Op1,1,25.074
B12,A,15.0,Op1,2,24.83
B12,A,15.0,Op1,3,25.28
B12,A,15.0,Op1,4,26.482
B12,A,15.0,Op2,1,22.208
B12,A,15.0,Op2,2,26.316
B12,A,15.0,Op2,3,24.868
B12,A,15.0,Op2,4,24.55
B12,A,15.0,Op3,1,22.649
B12,A,15.0,Op3,2,25.61
B12,A,15.0,Op3,3,21.234
B12,A,15.0,Op3,4,25.828
B12,B,0.0,Op1,1,22.817
B12,B,0.0,Op1,2,25.136
B12,B,0.0,Op1,3,24.877
B12,B,0.0,Op1,4,26.81
B12,B,0.0,Op2,1,24.788
B12,B,0.0,Op2,2,24.014
B12,B,0.0,Op2,3,24.296
B12,B,0.0,Op2,4,26.965
B12,B,0.0,Op3,1,25.86
B12,B,0.0,Op3,2,24.477
B12,B,0.0,Op3,3,24.701
B12,B,0.0,Op3,4,22.705
B12,B,5.0,Op1,1,26.738
B12,B,5.0,Op1,2,23.516
B12,B,5.0,Op1,3,27.283
B12,B,5.0,Op1,4,26.349
B12,B,5.0,Op2,1,29.736
B12,B,5.0,Op2,2,24.505
B12,B,5.0,Op2,3,26.002
B12,B,5.0,Op2,4,28.853
B12,B,5.0,Op3,1,27.943
B12,B,5.0,Op3,2,25.111
B12,B,5.0,Op3,3,26.492
B12,B,5.0,Op3,4,26.159
B12,B,10.0,Op1,1,27.679
B12,B,10.0,Op1,2,26.208
B12,B,10.0,Op1,3,27.122
B12,B,10.0,Op1,4,24.859
B12,B,10.0,Op2,1,27.458
B12,B,10.0,Op2,2,27.931
B12,B,10.0,Op2,3,26.914
B12,B,10.0,Op2,4,24.833
B12,B,10.0,Op3,1,28.738
B12,B,10.0,Op3,2,27.802
B12,B,10.0,Op3,3,26.167
B12,B,10.0,Op3,4,26.835
B12,B,15.0,Op1,1,26.105
B12,B,15.0,Op1,2,26.817
B12,B,15.0,Op1,3,27.549
B12,B,15.0,Op1,4,30.198
B12,B,15.0,Op2,1,27.396
B12,B,15.0,Op2,2,29.316
B12,B,15.0,Op2,3,27.548
B12,B,15.0,Op2,4,28.728
B12,B,15.0,Op3,1,28.143
B12,B,15.0,Op3,2,29.665
B12,B,15.0,Op3,3,27.553
B12,B,15.0,Op3,4,25.997
B12,C,0.0,Op1,1,17.983
B12,C,0.0,Op1,2,19.258
B12,C,0.0,Op1,3,18.182
B12,C,0.0,Op1,4,20.671
B12,C,0.0,Op2,1,19.357
B12,C,0.0,Op2,2,23.617
B12,C,0.0,Op2,3,17.449
B12,C,0.0,Op2,4,20.361
B12,C,0.0,Op3,1,18.364
B12,C,0.0,Op3,2,19.315
B12,C,0.0,Op3,3,20.268
B12,C,0.0,Op3,4,16.568
B12,C,5.0,Op1,1,21.511
B12,C,5.0,Op1,2,24.01
B12,C,5.0,Op1,3,20.475
B12,C,5.0,Op1,4,21.545
B12,C,5.0,Op2,1,22.693
B12,C,5.0,Op2,2,20.91
B12,C,5.0,Op2,3,20.284
B12,C,5.0,Op2,4,17.742
B12,C,5.0,Op3,1,22.117
B12,C,5.0,Op3,2,20.986
B12,C,5.0,Op3,3,19.637
B12,C,5.0,Op3,4,21.345
B12,C,10.0,Op1,1,21.38
B12,C,10.0,Op1,2,21.463
B12,C,10.0,Op1,3,23.165
B12,C,10.0,Op1,4,20.248
B12,C,10.0,Op2,1,23.827
B12,C,10.0,Op2,2,20.159
B12,C,10.0,Op2,3,21.262
B12,C,10.0,Op2,4,25.14
B12,C,10.0,Op3,1,23.947
B12,C,10.0,Op3,2,22.402
B12,C,10.0,Op3,3,20.845
B12,C,10.0,Op3,4,21.462
B12,C,15.0,Op1,1,23.465
B12,C,15.0,Op1,2,23.412
B12,C,15.0,Op1,3,23.219
B12,C,15.0,Op1,4,23.309
B12,C,15.0,Op2,1,23.034
B12,C,15.0,Op2,2,21.193
B12,C,15.0,Op2,3,22.581
B12,C,15.0,Op2,4,24.728
B12,C,15.0,Op3,1,21.303
B12,C,15.0,Op3,2,23.071
B12,C,15.0,Op3,3,22.126
B12,C,15.0,Op3,4,23.523
